Family Name,Number,Number of Members,d(80% Percent),Precision (80% Percent),d(80% Precision),Percent (80% Precision),d Nesvorny
Goodhue,12911,132,44.022011005502755,38.59649122807017,7.003501750875438,14.285714285714285,18.0
Moore_Sitterly,2110,17,68.03401700850426,100.0,159.07953976988495,100.0,10.0
Tugela,1323,412,148.07403701850927,54.700854700854705,70.03501750875438,63.74999999999999,50.0
Eugenia,45,246,49.02451225612807,46.57534246575342,12.006003001500751,4.651162790697675,35.0
Shukla,12586,25,50.025012506253134,90.0,137.06853426713357,100.0,20.0
2008 OV23,435544,90,50.025012506253134,60.86956521739131,13.006503251625814,22.22222222222222,20.0
Chleborad,61203,20,113.05652826413207,16.666666666666664,30.015007503751878,50.0,20.0
2005 WV105,217472,37,69.03451725862932,90.0,108.05402701350675,100.0,40.0
2001 PG20,63530,419,53.02651325662832,97.40259740259741,154.07703851925964,98.93617021276596,90.0
2007 DM10,190237,41,87.04352176088045,90.0,129.06453226613309,100.0,50.0
1994 AO1,18429,38,71.03551775887945,100.0,88.04402201100551,100.0,20.0
2001 TS117,77899,257,186.09304652326165,97.87234042553192,932.4662331165583,96.49122807017544,200.0
Feodosia,1048,125,59.02951475737869,75.0,40.020010005002504,52.38095238095239,40.0
Burnett,5798,81,72.03601800900451,52.17391304347826,28.014007003501753,26.666666666666668,58.0
4727 P_L,37455,285,145.0725362681341,53.48837209302325,39.01950975487744,37.5,40.0
Europa,52,250,108.05402701350675,34.234234234234236,7.003501750875438,2.127659574468085,50.0
Avsyuk,3324,222,55.02751375687844,70.0,34.01700850425213,70.45454545454545,30.0
2002 FX3,126948,14,192.09604802401202,60.0,212.10605302651328,100.0,30.0
1999RX33,70208,16,86.04302151075538,100.0,108.05402701350675,100.0,20.0
Tantawi,6142,114,60.030015007503756,67.64705882352942,36.018009004502254,65.51724137931035,30.0
Velleda,126,308,62.03101550775388,72.09302325581395,59.02951475737869,76.92307692307693,70.0
Kira,1156,33,111.05552776388195,55.55555555555556,14.007003501750876,16.666666666666664,70.0
Interamnia,704,413,76.03801900950475,91.17647058823529,132.06603301650827,89.6103896103896,50.0
1999 CG62,26369,43,700.3501750875438,60.0,782.391195597799,100.0,50.0
2008 BO31,352479,50,141.07053526763383,41.66666666666667,29.014507253626817,33.33333333333333,30.0
van der Laan,2823,136,50.025012506253134,94.11764705882352,98.04902451225614,100.0,60.0
Bradshaw,8223,48,98.04902451225614,29.166666666666668,40.020010005002504,33.33333333333333,20.0
1999 XB232,41331,23,80.04002001000501,80.0,80.04002001000501,80.0,20.0
Innanen,3497,261,42.02101050525263,81.81818181818183,14.007003501750876,9.090909090909092,50.0
Chesneau,6065,351,124.06203101550776,43.36283185840708,23.011505752876438,8.064516129032258,60.0
Maca,5228,47,93.04652326163082,28.125,26.013006503251628,45.45454545454545,30.0
George,3854,261,184.0920460230115,68.75,51.02551275637819,19.51219512195122,130.0
Principia,2653,131,29.014507253626817,95.0,75.0375187593797,100.0,50.0
Chaliapin,2562,271,68.03401700850426,30.075187969924812,8.0040020010005,6.0,22.0
Khama,1357,62,394.19709854927464,6.569343065693431,7.003501750875438,9.090909090909092,30.0
Abastumani,1390,65,86.04302151075538,100.0,423.2116058029015,100.0,40.0
2000 UJ87,106302,489,71.03551775887945,77.04918032786885,36.018009004502254,57.26495726495726,30.0
1990 OE5,16472,58,48.024012006003005,12.280701754385964,15.007503751875939,22.22222222222222,7.0
1999 XU240,157940,19,85.04252126063032,66.66666666666666,54.02701350675338,60.0,10.0
Bellona,28,958,31.01550775387694,83.7696335078534,37.01850925462732,85.07462686567165,30.0
1999 AE7,22766,5,63.03151575787894,100.0,63.03151575787894,100.0,10.0
Aeternitas,446,447,57.02851425712857,80.64516129032258,67.03351675837919,85.1063829787234,40.0
2002 OS10,78225,88,50.025012506253134,100.0,75.0375187593797,92.3076923076923,60.0
Hawke,3452,116,85.04252126063032,86.95652173913044,108.05402701350675,92.0,100.0
Joensuu,1524,201,64.032016008004,56.36363636363636,13.006503251625814,10.256410256410255,40.0
Florentina,321,209,50.025012506253134,5.4961832061068705,3.001500750375188,4.444444444444445,10.0
2001 SV124,77882,316,52.026013006503256,57.14285714285714,16.008004002001,7.2727272727272725,45.0
Liriope,414,14,127.06353176588296,100.0,178.08904452226113,100.0,70.0
1995 FH2,249576,78,163.0815407703852,38.88888888888889,18.009004502251127,11.76470588235294,30.0
Wratislavia,690,820,92.04602301150575,78.97435897435898,84.04202101050527,77.08333333333334,30.0
1990 QZ5,11048,35,94.04702351175588,66.66666666666666,42.02101050525263,50.0,50.0
Kodaihasu,4291,16,13.006503251625814,100.0,13.006503251625814,100.0,20.0
Bezovec,1963,354,203.10155077538772,32.69230769230769,19.009504752376188,4.6875,65.0
Tomhamilton,4897,254,28.014007003501753,76.59574468085107,8.0040020010005,22.22222222222222,20.0
Ulrike,885,45,59.02951475737869,81.25,59.02951475737869,81.25,30.0
Schlichting,9522,9,221.11055527763884,50.0,221.11055527763884,100.0,100.0
2000 BV3,15104,78,41.02051025512757,88.23529411764706,118.05902951475738,94.73684210526315,30.0
1998 GC3,16940,40,67.03351675837919,30.434782608695656,24.012006003001503,33.33333333333333,20.0
Andytran,29880,44,90.04502251125564,12.121212121212121,19.009504752376188,40.0,20.0
2006 KU114,236657,303,367.183591795898,47.368421052631575,33.01650825412707,28.57142857142857,70.0
Jacchia,2079,125,46.023011505752876,54.166666666666664,17.008504252126066,23.52941176470588,35.0
Istria,183,301,200.10005002501254,62.857142857142854,67.03351675837919,36.36363636363637,80.0
2001 OH105,54934,37,69.03451725862932,90.0,81.04052026013007,81.81818181818183,50.0
2010 WK8,365736,40,337.1685842921461,61.53846153846154,386.1930965482742,100.0,50.0
Nipponia,727,510,27.01350675337669,84.52380952380952,40.020010005002504,92.13483146067416,20.0
Coelestina,237,104,39.01950975487744,88.23529411764706,67.03351675837919,100.0,40.0
Takehiro,8737,569,83.0415207603802,54.02298850574713,30.015007503751878,50.0,40.0
Wilhelmina,392,45,209.1045522761381,2.666666666666667,25.012506253126567,40.0,40.0
Katsurahama,2961,142,41.02051025512757,34.69387755102041,8.0040020010005,9.523809523809524,25.0
van der Bos,1663,285,41.02051025512757,62.16216216216216,10.005002501250626,13.793103448275861,30.0
Iclea,286,143,193.0965482741371,100.0,570.2851425712856,100.0,50.0
2002 CS52,42357,216,68.03401700850426,61.66666666666667,36.018009004502254,60.86956521739131,40.0
2012 PM61,0,35,24.012006003001503,57.14285714285714,19.009504752376188,40.0,15.0
Yrsa,351,242,38.019009504752376,83.63636363636363,6.003001500750376,6.896551724137931,20.0
Kawakita,7504,19,212.10605302651328,44.44444444444444,56.028014007003506,40.0,10.0
Michelangelo,3001,42,990.495247623812,66.66666666666666,244.12206103051528,50.0,200.0
Pamina,539,81,39.01950975487744,62.96296296296296,20.010005002501252,42.857142857142854,37.0
Akusekijima,10164,18,31.01550775387694,100.0,50.025012506253134,100.0,10.0
Tercidina,345,429,76.03801900950475,72.94117647058823,28.014007003501753,15.584415584415584,80.0
Iitatemura,8272,41,55.02751375687844,75.0,54.02701350675338,71.42857142857143,40.0
Siegena,386,168,137.06853426713357,75.86206896551724,98.04902451225614,67.85714285714286,100.0
1998 TA6,21591,47,23.011505752876438,70.0,12.006003001500751,44.44444444444444,15.0
Ornamenta,350,716,91.0455227613807,63.58695652173913,46.023011505752876,44.89795918367347,70.0
2000 FO47,118564,84,29.014507253626817,66.66666666666666,12.006003001500751,23.52941176470588,20.0
1999 CQ75,53209,189,47.02351175587794,96.875,91.0455227613807,92.3076923076923,20.0
Prokne,194,176,82.04102051025514,71.42857142857143,45.02251125562782,52.63157894736842,50.0
Thyra,115,56,108.05402701350675,61.111111111111114,30.015007503751878,28.57142857142857,30.0
McDonalda,991,260,81.04052026013007,23.809523809523807,14.007003501750876,29.545454545454547,20.0
Altona,850,73,61.03051525762882,90.0,66.03301650825414,81.81818181818183,60.0
Harmonia,40,160,66.03301650825414,88.46153846153845,133.06653326663331,96.55172413793103,70.0
1998 YB3,15454,340,78.03901950975488,86.95652173913044,139.06953476738371,94.66666666666667,50.0
2008 YL101,484743,16,49.02451225612807,100.0,61.03051525762882,100.0,30.0
Industria,389,464,55.02751375687844,75.0,12.006003001500751,8.88888888888889,50.0
Graculus,4471,136,181.09054527263632,53.57142857142857,99.0495247623812,57.89473684210527,50.0
Alamosa,2927,14,164.08204102051027,66.66666666666666,164.08204102051027,100.0,20.0
Cindygraber,7605,85,531.2656328164082,15.789473684210526,28.014007003501753,18.181818181818183,30.0
1998 WW16,49362,68,122.06103051525764,55.55555555555556,41.02051025512757,33.33333333333333,30.0
1996 WU2,32983,50,43.02151075537769,54.54545454545454,29.014507253626817,53.333333333333336,20.0
Alvema,3567,260,83.0415207603802,56.451612903225815,34.01700850425213,36.36363636363637,55.0
Vanadis,240,17,93.04652326163082,66.66666666666666,46.023011505752876,42.857142857142854,60.0
1998 HD130,37981,419,53.02651325662832,97.40259740259741,154.07703851925964,98.93617021276596,90.0
2001 FP147,316974,53,946.4732366183092,40.0,41.02051025512757,10.0,150.0
2002 TE180,78705,24,151.07553776888446,66.66666666666666,151.07553776888446,100.0,10.0
Patria,1347,132,65.03251625812906,70.58823529411765,17.008504252126066,13.333333333333334,50.0
1999 NR38,31810,103,58.029014507253635,80.0,58.029014507253635,80.0,60.0
Zelima,633,88,189.09454727363683,8.02139037433155,13.006503251625814,10.526315789473683,10.0
2001 SQ46,77873,21,36.018009004502254,100.0,137.06853426713357,100.0,50.0
Vassar,1312,21,135.06753376688346,28.57142857142857,12.006003001500751,50.0,30.0
Helwerthia,801,175,49.02451225612807,76.47058823529412,44.022011005502755,78.125,40.0
Fukui,6924,146,230.1150575287644,66.66666666666666,25.012506253126567,13.333333333333334,80.0
Kutaissi,1289,371,35.01750875437719,32.16783216783217,1.0005002501250626,1.7543859649122806,10.0
Dione,106,261,103.05152576288145,37.11340206185567,27.01350675337669,22.22222222222222,55.0
Hebe,6,112,235.11755877938973,28.000000000000004,42.02101050525263,23.52941176470588,80.0
Bascom,6084,10,32.016008004002,100.0,123.0615307653827,100.0,10.0
Kazuhiko,26170,9,23.011505752876438,66.66666666666666,23.011505752876438,100.0,10.0
1999 AW22,101567,293,639.319659829915,48.95833333333333,145.0725362681341,33.89830508474576,50.0
Maximiliana,1217,28,45.02251125562782,71.42857142857143,45.02251125562782,83.33333333333334,20.0
Paloque,1598,117,56.028014007003506,55.55555555555556,16.008004002001,21.052631578947366,40.0
Illyria,1160,692,37.01850925462732,71.23287671232876,19.009504752376188,40.0,30.0
1993 FO10,48506,90,219.10955477738872,5.314009661835748,20.010005002501252,35.714285714285715,20.0
2001 BV20,63235,35,190.0950475237619,100.0,343.17158579289645,100.0,60.0
2000 QK75,34216,22,73.03651825912956,75.0,73.03651825912956,75.0,20.0
Robeson,2328,223,85.04252126063032,75.0,64.032016008004,62.22222222222222,20.0
Majella,7233,17,31.01550775387694,66.66666666666666,31.01550775387694,100.0,10.0
Jean_Jacques,1461,174,85.04252126063032,75.67567567567568,82.04102051025514,77.14285714285715,30.0
Patsy,3310,826,44.022011005502755,52.21238938053098,12.006003001500751,40.816326530612244,15.0
Svatopluk,11014,159,43.02151075537769,90.32258064516128,14.007003501750876,11.428571428571429,50.0
Malabar,754,79,618.3091545772887,61.53846153846154,92.04602301150575,40.0,60.0
Giomus,1599,322,102.05102551275638,26.041666666666668,7.003501750875438,4.761904761904762,25.0
1986 QN1,48412,100,77.03851925962982,82.14285714285714,32.016008004002,41.37931034482759,60.0
Endymion,342,33,60.030015007503756,43.75,18.009004502251127,22.22222222222222,20.0
Phaedra,174,170,93.04652326163082,69.76744186046511,22.011005502751377,21.052631578947366,60.0
Mimi,1127,82,75.0375187593797,52.38095238095239,32.016008004002,50.0,60.0
1979 MM3,19093,71,63.03151575787894,56.25,56.028014007003506,63.63636363636363,90.0
Helga,522,34,120.06003001500751,100.0,451.22561280640326,100.0,200.0
Yatskiv,2728,48,58.029014507253635,77.77777777777779,30.015007503751878,44.44444444444444,30.0
Aivazovskij,3787,12,65.03251625812906,50.0,21.010505252626317,50.0,15.0
Asia,67,569,38.019009504752376,82.30088495575221,13.006503251625814,6.837606837606838,40.0
Records,30718,95,97.04852426213107,73.68421052631578,33.01650825412707,23.52941176470588,40.0
2004 BQ90,211772,295,53.02651325662832,92.5925925925926,92.04602301150575,95.23809523809523,70.0
Irma,177,413,58.029014507253635,76.0,23.011505752876438,16.43835616438356,60.0
Choustnik,7403,57,138.06903451725864,34.61538461538461,31.01550775387694,18.181818181818183,30.0
Titania,593,297,56.028014007003506,85.41666666666666,73.03651825912956,82.35294117647058,40.0
Crescentia,660,805,26.013006503251628,77.12418300653596,22.011005502751377,74.14965986394559,20.0
1999 VT1,20674,35,58.029014507253635,100.0,64.032016008004,75.0,10.0
Toni,924,50,59.02951475737869,90.0,61.03051525762882,81.81818181818183,50.0
Huberta,260,190,172.08604302151076,73.33333333333333,100.05002501250627,58.536585365853654,70.0
Veniakaverin,2458,177,167.08354177088546,27.77777777777778,14.007003501750876,12.903225806451612,30.0
Hertha,135,1473,27.01350675337669,63.975155279503106,3.001500750375188,1.5384615384615385,20.0
Algoa,1394,27,0.0,0.0,0.0,0.0,50.0
Tuchkova,3803,7,0.0,0.0,0.0,0.0,10.0
2006 QX49,0,11,0.0,0.0,0.0,0.0,20.0
1990SB1,9332,8,0.0,0.0,0.0,0.0,10.0
